frame_id,timestamp
0,1708828612.785
1,1708828612.805
2,1708828612.825
3,1708828612.845
4,1708828612.865
5,1708828612.885
6,1708828612.905
7,1708828612.935
8,1708828612.955
9,1708828612.975
10,1708828612.995
11,1708828613.015
12,1708828613.035
13,1708828613.055
14,1708828613.075
15,1708828613.105
16,1708828613.125
17,1708828613.145
18,1708828613.165
19,1708828613.185
20,1708828613.205
21,1708828613.225
22,1708828613.255
23,1708828613.275
24,1708828613.295
25,1708828613.315
26,1708828613.335
27,1708828613.355
28,1708828613.375
29,1708828613.395
30,1708828613.425
31,1708828613.445
32,1708828613.465
33,1708828613.485
34,1708828613.505
35,1708828613.525
36,1708828613.545
37,1708828613.575
38,1708828613.595
39,1708828613.615
40,1708828613.635
41,1708828613.655
42,1708828613.675
43,1708828613.695
44,1708828613.715
45,1708828613.745
46,1708828613.765
47,1708828613.785
48,1708828613.805
49,1708828613.825
50,1708828613.845
51,1708828613.865
52,1708828613.895
53,1708828613.915
54,1708828613.935
55,1708828613.955
56,1708828613.975
57,1708828613.995
58,1708828614.015
59,1708828614.035
60,1708828614.065
61,1708828614.085
62,1708828614.105
63,1708828614.125
64,1708828614.145
65,1708828614.165
66,1708828614.185
67,1708828614.215
68,1708828614.235
69,1708828614.255
70,1708828614.275
71,1708828614.295
72,1708828614.315
73,1708828614.335
74,1708828614.355
75,1708828614.385
76,1708828614.405
77,1708828614.425
78,1708828614.445
79,1708828614.465
80,1708828614.485
81,1708828614.505
82,1708828614.535
83,1708828614.555
84,1708828614.575
85,1708828614.595
86,1708828614.615
87,1708828614.635
88,1708828614.655
89,1708828614.675
90,1708828614.705
91,1708828614.725
92,1708828614.745
93,1708828614.765
94,1708828614.785
95,1708828614.805
96,1708828614.825
97,1708828614.855
98,1708828614.875
99,1708828614.895
100,1708828614.915
101,1708828614.935
102,1708828614.955
103,1708828614.975
104,1708828614.995
105,1708828615.025
106,1708828615.045
107,1708828615.065
108,1708828615.085
109,1708828615.105
110,1708828615.125
111,1708828615.145
112,1708828615.175
113,1708828615.195
114,1708828615.215
115,1708828615.235
116,1708828615.255
117,1708828615.275
118,1708828615.295
119,1708828615.315
120,1708828615.345
121,1708828615.365
122,1708828615.385
123,1708828615.405
124,1708828615.425
125,1708828615.445
126,1708828615.465
127,1708828615.495
128,1708828615.515
129,1708828615.535
130,1708828615.555
131,1708828615.575
132,1708828615.595
133,1708828615.615
134,1708828615.635
135,1708828615.665
136,1708828615.685
137,1708828615.705
138,1708828615.725
139,1708828615.745
140,1708828615.765
141,1708828615.785
142,1708828615.815
143,1708828615.835
144,1708828615.855
145,1708828615.875
146,1708828615.895
147,1708828615.915
148,1708828615.935
149,1708828615.955
150,1708828615.985
151,1708828616.005
152,1708828616.025
153,1708828616.045
154,1708828616.065
155,1708828616.085
156,1708828616.105
157,1708828616.135
158,1708828616.155
159,1708828616.175
160,1708828616.195
161,1708828616.215
162,1708828616.235
163,1708828616.255
164,1708828616.275
165,1708828616.305
166,1708828616.325
167,1708828616.345
168,1708828616.365
169,1708828616.385
170,1708828616.405
171,1708828616.425
172,1708828616.455
173,1708828616.475
174,1708828616.495
175,1708828616.515
176,1708828616.535
177,1708828616.555
178,1708828616.575
179,1708828616.595
180,1708828616.625
181,1708828616.645
182,1708828616.665
183,1708828616.685
184,1708828616.705
185,1708828616.725
186,1708828616.745
187,1708828616.775
188,1708828616.795
189,1708828616.815
190,1708828616.835
191,1708828616.855
192,1708828616.875
193,1708828616.895
194,1708828616.915
195,1708828616.945
196,1708828616.965
197,1708828616.985
198,1708828617.005
199,1708828617.025
200,1708828617.045
201,1708828617.065
202,1708828617.095
203,1708828617.115
204,1708828617.135
205,1708828617.155
206,1708828617.175
207,1708828617.195
208,1708828617.215
209,1708828617.235
210,1708828617.265
211,1708828617.285
212,1708828617.305
213,1708828617.325
214,1708828617.345
215,1708828617.365
216,1708828617.385
217,1708828617.415
218,1708828617.435
219,1708828617.455
220,1708828617.475
221,1708828617.495
222,1708828617.515
223,1708828617.535
224,1708828617.555
225,1708828617.585
226,1708828617.605
227,1708828617.625
228,1708828617.645
229,1708828617.665
230,1708828617.685
231,1708828617.705
232,1708828617.735
233,1708828617.755
234,1708828617.775
235,1708828617.795
236,1708828617.815
237,1708828617.835
238,1708828617.855
239,1708828617.875
240,1708828617.905
241,1708828617.925
242,1708828617.945
243,1708828617.965
244,1708828617.985
245,1708828618.005
246,1708828618.025
247,1708828618.055
248,1708828618.075
249,1708828618.095
250,1708828618.115
251,1708828618.135
252,1708828618.155
253,1708828618.175
254,1708828618.195
255,1708828618.225
256,1708828618.245
257,1708828618.265
258,1708828618.285
259,1708828618.305
260,1708828618.325
261,1708828618.345
262,1708828618.375
263,1708828618.395
264,1708828618.415
265,1708828618.435
266,1708828618.455
267,1708828618.475
268,1708828618.495
269,1708828618.515
270,1708828618.545
271,1708828618.565
272,1708828618.585
273,1708828618.605
274,1708828618.625
275,1708828618.645
276,1708828618.665
277,1708828618.695
278,1708828618.715
279,1708828618.735
280,1708828618.755
281,1708828618.775
282,1708828618.795
283,1708828618.815
284,1708828618.835
285,1708828618.865
286,1708828618.885
287,1708828618.905
288,1708828618.925
289,1708828618.945
290,1708828618.965
291,1708828618.985
292,1708828619.015
293,1708828619.035
294,1708828619.055
295,1708828619.075
296,1708828619.095
297,1708828619.115
298,1708828619.135
299,1708828619.155
300,1708828619.185
301,1708828619.205
302,1708828619.225
303,1708828619.245
304,1708828619.265
305,1708828619.285
306,1708828619.305
307,1708828619.335
308,1708828619.355
309,1708828619.375
310,1708828619.395
311,1708828619.415
312,1708828619.435
313,1708828619.455
314,1708828619.475
315,1708828619.505
316,1708828619.525
317,1708828619.545
318,1708828619.565
319,1708828619.585
320,1708828619.605
321,1708828619.625
322,1708828619.655
323,1708828619.675
324,1708828619.695
325,1708828619.715
326,1708828619.735
327,1708828619.755
328,1708828619.775
329,1708828619.795
330,1708828619.825
331,1708828619.845
332,1708828619.865
333,1708828619.885
334,1708828619.905
335,1708828619.925
336,1708828619.945
337,1708828619.975
338,1708828619.995
339,1708828620.015
340,1708828620.035
341,1708828620.055
342,1708828620.075
343,1708828620.095
344,1708828620.115
345,1708828620.145
346,1708828620.165
347,1708828620.185
348,1708828620.205
349,1708828620.225
350,1708828620.245
351,1708828620.265
352,1708828620.295
353,1708828620.315
354,1708828620.335
355,1708828620.355
356,1708828620.375
357,1708828620.395
358,1708828620.415
359,1708828620.435
360,1708828620.465
361,1708828620.485
362,1708828620.505
363,1708828620.525
364,1708828620.545
365,1708828620.565
366,1708828620.585
367,1708828620.615
368,1708828620.635
369,1708828620.655
370,1708828620.675
371,1708828620.695
372,1708828620.715
373,1708828620.735
374,1708828620.755
375,1708828620.785
376,1708828620.805
377,1708828620.825
378,1708828620.845
379,1708828620.865
380,1708828620.885
381,1708828620.905
382,1708828620.935
383,1708828620.955
384,1708828620.975
385,1708828620.995
386,1708828621.015
387,1708828621.035
388,1708828621.055
389,1708828621.075
390,1708828621.105
391,1708828621.125
392,1708828621.145
393,1708828621.165
394,1708828621.185
395,1708828621.205
396,1708828621.225
397,1708828621.255
398,1708828621.275
399,1708828621.295
400,1708828621.315
401,1708828621.335
402,1708828621.355
403,1708828621.375
404,1708828621.395
405,1708828621.425
406,1708828621.445
407,1708828621.465
408,1708828621.485
409,1708828621.505
410,1708828621.525
411,1708828621.545
412,1708828621.575
413,1708828621.595
414,1708828621.615
415,1708828621.635
416,1708828621.655
417,1708828621.675
418,1708828621.695
419,1708828621.715
420,1708828621.745
421,1708828621.765
422,1708828621.785
423,1708828621.805
424,1708828621.825
425,1708828621.845
426,1708828621.865
427,1708828621.895
428,1708828621.915
429,1708828621.935
430,1708828621.955
431,1708828621.975
432,1708828621.995
433,1708828622.015
434,1708828622.035
435,1708828622.065
436,1708828622.085
437,1708828622.105
438,1708828622.125
439,1708828622.145
440,1708828622.165
441,1708828622.185
442,1708828622.215
443,1708828622.235
444,1708828622.255
445,1708828622.275
446,1708828622.295
447,1708828622.315
448,1708828622.335
449,1708828622.355
450,1708828622.385
451,1708828622.405
452,1708828622.425
453,1708828622.445
454,1708828622.465
455,1708828622.485
456,1708828622.505
457,1708828622.535
458,1708828622.555
459,1708828622.575
460,1708828622.595
461,1708828622.615
462,1708828622.635
463,1708828622.655
464,1708828622.675
465,1708828622.705
466,1708828622.725
467,1708828622.745
468,1708828622.765
469,1708828622.785
470,1708828622.805
471,1708828622.825
472,1708828622.855
473,1708828622.875
474,1708828622.895
475,1708828622.915
476,1708828622.935
477,1708828622.955
478,1708828622.975
479,1708828622.995
480,1708828623.025
481,1708828623.045
482,1708828623.065
483,1708828623.085
484,1708828623.105
485,1708828623.125
486,1708828623.145
487,1708828623.175
488,1708828623.195
489,1708828623.215
490,1708828623.235
491,1708828623.255
492,1708828623.275
493,1708828623.295
494,1708828623.315
495,1708828623.345
496,1708828623.365
497,1708828623.385
498,1708828623.405
499,1708828623.425
500,1708828623.445
501,1708828623.465
502,1708828623.495
503,1708828623.515
504,1708828623.535
505,1708828623.555
506,1708828623.575
507,1708828623.595
508,1708828623.615
509,1708828623.635
510,1708828623.665
511,1708828623.685
512,1708828623.705
513,1708828623.725
514,1708828623.745
515,1708828623.765
516,1708828623.785
517,1708828623.815
518,1708828623.835
519,1708828623.855
520,1708828623.875
521,1708828623.895
522,1708828623.915
523,1708828623.935
524,1708828623.955
525,1708828623.985
526,1708828624.005
527,1708828624.025
528,1708828624.045
529,1708828624.065
530,1708828624.085
531,1708828624.105
532,1708828624.135
533,1708828624.155
534,1708828624.175
535,1708828624.195
536,1708828624.215
537,1708828624.235
538,1708828624.255
539,1708828624.275
540,1708828624.305
541,1708828624.325
542,1708828624.345
543,1708828624.365
544,1708828624.385
545,1708828624.405
546,1708828624.425
547,1708828624.455
548,1708828624.475
549,1708828624.495
550,1708828624.515
551,1708828624.535
552,1708828624.555
553,1708828624.575
554,1708828624.595
555,1708828624.625
556,1708828624.645
557,1708828624.665
558,1708828624.685
559,1708828624.705
560,1708828624.725
561,1708828624.745
562,1708828624.775
563,1708828624.795
564,1708828624.815
565,1708828624.835
566,1708828624.855
567,1708828624.875
568,1708828624.895
569,1708828624.915
570,1708828624.945
571,1708828624.965
572,1708828624.985
573,1708828625.005
574,1708828625.025
575,1708828625.045
576,1708828625.065
577,1708828625.095
578,1708828625.115
579,1708828625.135
580,1708828625.155
581,1708828625.175
582,1708828625.195
583,1708828625.215
584,1708828625.235
585,1708828625.265
586,1708828625.285
587,1708828625.305
588,1708828625.325
589,1708828625.345
590,1708828625.365
591,1708828625.385
592,1708828625.415
593,1708828625.435
594,1708828625.455
595,1708828625.475
596,1708828625.495
597,1708828625.515
598,1708828625.535
599,1708828625.555
600,1708828625.585
601,1708828625.605
602,1708828625.625
603,1708828625.645
604,1708828625.665
605,1708828625.685
606,1708828625.705
607,1708828625.735
608,1708828625.755
609,1708828625.775
610,1708828625.795
611,1708828625.815
612,1708828625.835
613,1708828625.855
614,1708828625.875
615,1708828625.905
616,1708828625.925
617,1708828625.945
618,1708828625.965
619,1708828625.985
620,1708828626.005
621,1708828626.025
622,1708828626.055
623,1708828626.075
624,1708828626.095
625,1708828626.115
626,1708828626.135
627,1708828626.155
628,1708828626.175
629,1708828626.195
630,1708828626.225
631,1708828626.245
632,1708828626.265
633,1708828626.285
634,1708828626.305
635,1708828626.325
636,1708828626.345
637,1708828626.375
638,1708828626.395
639,1708828626.415
640,1708828626.435
641,1708828626.455
642,1708828626.475
643,1708828626.495
644,1708828626.515
645,1708828626.545
646,1708828626.565
647,1708828626.585
648,1708828626.605
649,1708828626.625
650,1708828626.645
651,1708828626.665
652,1708828626.695
653,1708828626.715
654,1708828626.735
655,1708828626.755
656,1708828626.775
657,1708828626.795
658,1708828626.815
659,1708828626.835
660,1708828626.865
661,1708828626.885
662,1708828626.905
663,1708828626.925
664,1708828626.945
665,1708828626.965
666,1708828626.985
667,1708828627.015
668,1708828627.035
669,1708828627.055
670,1708828627.075
671,1708828627.095
672,1708828627.115
673,1708828627.135
674,1708828627.155
675,1708828627.185
676,1708828627.205
677,1708828627.225
678,1708828627.245
679,1708828627.265
680,1708828627.285
681,1708828627.305
682,1708828627.335
683,1708828627.355
684,1708828627.375
685,1708828627.395
686,1708828627.415
687,1708828627.435
688,1708828627.455
689,1708828627.475
690,1708828627.505
691,1708828627.525
692,1708828627.545
693,1708828627.565
694,1708828627.585
695,1708828627.605
696,1708828627.625
697,1708828627.655
698,1708828627.675
699,1708828627.695
700,1708828627.715
701,1708828627.735
702,1708828627.755
703,1708828627.775
704,1708828627.795
705,1708828627.825
706,1708828627.845
707,1708828627.865
708,1708828627.885
709,1708828627.905
710,1708828627.925
711,1708828627.945
712,1708828627.975
713,1708828627.995
714,1708828628.015
715,1708828628.035
716,1708828628.055
717,1708828628.075
718,1708828628.095
719,1708828628.115
720,1708828628.145
721,1708828628.165
722,1708828628.185
723,1708828628.205
724,1708828628.225
725,1708828628.245
726,1708828628.265
727,1708828628.295
728,1708828628.315
729,1708828628.335
730,1708828628.355
731,1708828628.375
732,1708828628.395
733,1708828628.415
734,1708828628.435
735,1708828628.465
736,1708828628.485
737,1708828628.505
738,1708828628.525
739,1708828628.545
740,1708828628.565
741,1708828628.585
742,1708828628.615
743,1708828628.635
744,1708828628.655
745,1708828628.675
746,1708828628.695
747,1708828628.715
748,1708828628.735
749,1708828628.755
750,1708828628.785
751,1708828628.805
752,1708828628.825
753,1708828628.845
754,1708828628.865
755,1708828628.885
756,1708828628.905
757,1708828628.935
758,1708828628.955
759,1708828628.975
760,1708828628.995
761,1708828629.015
762,1708828629.035
763,1708828629.055
764,1708828629.075
765,1708828629.105
766,1708828629.125
767,1708828629.145
768,1708828629.165
769,1708828629.185
770,1708828629.205
771,1708828629.225
772,1708828629.255
773,1708828629.275
774,1708828629.295
775,1708828629.315
776,1708828629.335
777,1708828629.355
778,1708828629.375
779,1708828629.395
780,1708828629.425
781,1708828629.445
782,1708828629.465
783,1708828629.485
784,1708828629.505
785,1708828629.525
786,1708828629.545
787,1708828629.575
788,1708828629.595
789,1708828629.615
790,1708828629.635
791,1708828629.655
792,1708828629.675
793,1708828629.695
794,1708828629.715
795,1708828629.745
796,1708828629.765
797,1708828629.785
798,1708828629.805
799,1708828629.825
800,1708828629.845
801,1708828629.865
802,1708828629.895
803,1708828629.915
804,1708828629.935
805,1708828629.955
806,1708828629.975
807,1708828629.995
808,1708828630.015
809,1708828630.035
810,1708828630.065
811,1708828630.085
812,1708828630.105
813,1708828630.125
814,1708828630.145
815,1708828630.165
816,1708828630.185
817,1708828630.215
818,1708828630.235
819,1708828630.255
820,1708828630.275
821,1708828630.295
822,1708828630.315
823,1708828630.335
824,1708828630.355
825,1708828630.385
826,1708828630.405
827,1708828630.425
828,1708828630.445
829,1708828630.465
830,1708828630.485
831,1708828630.505
832,1708828630.535
833,1708828630.555
834,1708828630.575
835,1708828630.595
836,1708828630.615
837,1708828630.635
838,1708828630.655
839,1708828630.675
840,1708828630.705
841,1708828630.725
842,1708828630.745
843,1708828630.765
844,1708828630.785
845,1708828630.805
846,1708828630.825
847,1708828630.855
848,1708828630.875
849,1708828630.895
850,1708828630.915
851,1708828630.935
852,1708828630.955
853,1708828630.975
854,1708828630.995
855,1708828631.025
856,1708828631.045
857,1708828631.065
858,1708828631.085
859,1708828631.105
860,1708828631.125
861,1708828631.145
862,1708828631.175
863,1708828631.195
864,1708828631.215
865,1708828631.235
866,1708828631.255
867,1708828631.275
868,1708828631.295
869,1708828631.315
870,1708828631.345
871,1708828631.365
872,1708828631.385
873,1708828631.405
874,1708828631.425
875,1708828631.445
876,1708828631.465
877,1708828631.495
878,1708828631.515
879,1708828631.535
880,1708828631.555
881,1708828631.575
882,1708828631.595
883,1708828631.615
884,1708828631.635
885,1708828631.665
886,1708828631.685
887,1708828631.705
888,1708828631.725
889,1708828631.745
890,1708828631.765
891,1708828631.785
892,1708828631.815
893,1708828631.835
894,1708828631.855
895,1708828631.875
896,1708828631.895
897,1708828631.915
898,1708828631.935
899,1708828631.955
900,1708828631.985
901,1708828632.005
902,1708828632.025
903,1708828632.045
904,1708828632.065
905,1708828632.085
906,1708828632.105
907,1708828632.135
908,1708828632.155
909,1708828632.175
910,1708828632.195
911,1708828632.215
912,1708828632.235
913,1708828632.255
914,1708828632.275
915,1708828632.305
916,1708828632.325
917,1708828632.345
918,1708828632.365
919,1708828632.385
920,1708828632.405
921,1708828632.425
922,1708828632.455
923,1708828632.475
924,1708828632.495
925,1708828632.515
926,1708828632.535
927,1708828632.555
928,1708828632.575
929,1708828632.595
930,1708828632.625
931,1708828632.645
932,1708828632.665
933,1708828632.685
934,1708828632.705
935,1708828632.725
936,1708828632.745
937,1708828632.775
938,1708828632.795
939,1708828632.815
940,1708828632.835
941,1708828632.855
942,1708828632.875
943,1708828632.895
944,1708828632.915
945,1708828632.945
946,1708828632.965
947,1708828632.985
948,1708828633.005
949,1708828633.025
950,1708828633.045
951,1708828633.065
952,1708828633.095
953,1708828633.115
954,1708828633.135
955,1708828633.155
956,1708828633.175
957,1708828633.195
958,1708828633.215
959,1708828633.235
960,1708828633.265
961,1708828633.285
962,1708828633.305
963,1708828633.325
964,1708828633.345
965,1708828633.365
966,1708828633.385
967,1708828633.415
968,1708828633.435
969,1708828633.455
970,1708828633.475
971,1708828633.495
972,1708828633.515
973,1708828633.535
974,1708828633.555
975,1708828633.585
976,1708828633.605
977,1708828633.625
978,1708828633.645
979,1708828633.665
980,1708828633.685
981,1708828633.705
982,1708828633.735
983,1708828633.755
984,1708828633.775
985,1708828633.795
986,1708828633.815
987,1708828633.835
988,1708828633.855
989,1708828633.875
990,1708828633.905
991,1708828633.925
992,1708828633.945
993,1708828633.965
994,1708828633.985
995,1708828634.005
996,1708828634.025
997,1708828634.055
998,1708828634.075
999,1708828634.095
1000,1708828634.115
1001,1708828634.135
1002,1708828634.155
1003,1708828634.175
1004,1708828634.195
1005,1708828634.225
1006,1708828634.245
1007,1708828634.265
1008,1708828634.285
1009,1708828634.305
1010,1708828634.325
1011,1708828634.345
1012,1708828634.375
1013,1708828634.395
1014,1708828634.415
1015,1708828634.435
1016,1708828634.455
1017,1708828634.475
1018,1708828634.495
1019,1708828634.515
1020,1708828634.545
1021,1708828634.565
1022,1708828634.585
1023,1708828634.605
1024,1708828634.625
1025,1708828634.645
1026,1708828634.665
1027,1708828634.695
1028,1708828634.715
1029,1708828634.735
1030,1708828634.755
1031,1708828634.775
1032,1708828634.795
1033,1708828634.815
1034,1708828634.835
1035,1708828634.865
1036,1708828634.885
1037,1708828634.905
1038,1708828634.925
1039,1708828634.945
1040,1708828634.965
1041,1708828634.985
1042,1708828635.015
1043,1708828635.035
1044,1708828635.055
1045,1708828635.075
1046,1708828635.095
1047,1708828635.115
1048,1708828635.135
1049,1708828635.155
1050,1708828635.185
1051,1708828635.205
1052,1708828635.225
1053,1708828635.245
1054,1708828635.265
1055,1708828635.285
1056,1708828635.305
1057,1708828635.335
1058,1708828635.355
1059,1708828635.375
1060,1708828635.395
1061,1708828635.415
1062,1708828635.435
1063,1708828635.455
1064,1708828635.475
1065,1708828635.505
1066,1708828635.525
1067,1708828635.545
1068,1708828635.565
1069,1708828635.585
1070,1708828635.605
1071,1708828635.625
1072,1708828635.655
1073,1708828635.675
1074,1708828635.695
1075,1708828635.715
1076,1708828635.735
1077,1708828635.755
1078,1708828635.775
1079,1708828635.795
1080,1708828635.825
1081,1708828635.845
1082,1708828635.865
1083,1708828635.885
1084,1708828635.905
1085,1708828635.925
1086,1708828635.945
1087,1708828635.975
1088,1708828635.995
1089,1708828636.015
1090,1708828636.035
1091,1708828636.055
1092,1708828636.075
1093,1708828636.095
1094,1708828636.115
1095,1708828636.145
1096,1708828636.165
1097,1708828636.185
1098,1708828636.205
1099,1708828636.225
1100,1708828636.245
1101,1708828636.265
1102,1708828636.295
1103,1708828636.315
1104,1708828636.335
1105,1708828636.355
1106,1708828636.375
1107,1708828636.395
1108,1708828636.415
1109,1708828636.435
1110,1708828636.465
1111,1708828636.485
1112,1708828636.505
1113,1708828636.525
1114,1708828636.545
1115,1708828636.565
1116,1708828636.585
1117,1708828636.615
1118,1708828636.635
1119,1708828636.655
1120,1708828636.675
1121,1708828636.695
1122,1708828636.715
1123,1708828636.735
1124,1708828636.755
1125,1708828636.785
1126,1708828636.805
1127,1708828636.825
1128,1708828636.845
1129,1708828636.865
1130,1708828636.885
1131,1708828636.905
1132,1708828636.935
1133,1708828636.955
1134,1708828636.975
1135,1708828636.995
1136,1708828637.015
1137,1708828637.035
1138,1708828637.055
1139,1708828637.075
1140,1708828637.105
1141,1708828637.125
1142,1708828637.145
1143,1708828637.165
1144,1708828637.185
1145,1708828637.205
1146,1708828637.225
1147,1708828637.255
1148,1708828637.275
1149,1708828637.295
1150,1708828637.315
1151,1708828637.335
1152,1708828637.355
1153,1708828637.375
1154,1708828637.395
1155,1708828637.425
1156,1708828637.445
1157,1708828637.465
1158,1708828637.485
1159,1708828637.505
1160,1708828637.525
1161,1708828637.545
1162,1708828637.575
1163,1708828637.595
1164,1708828637.615
1165,1708828637.635
1166,1708828637.655
1167,1708828637.675
1168,1708828637.695
1169,1708828637.715
1170,1708828637.745
1171,1708828637.765
1172,1708828637.785
1173,1708828637.805
1174,1708828637.825
1175,1708828637.845
1176,1708828637.865
1177,1708828637.895
1178,1708828637.915
1179,1708828637.935
1180,1708828637.955
1181,1708828637.975
1182,1708828637.995
1183,1708828638.015
1184,1708828638.035
1185,1708828638.065
1186,1708828638.085
1187,1708828638.105
1188,1708828638.125
1189,1708828638.145
1190,1708828638.165
1191,1708828638.185
1192,1708828638.215
1193,1708828638.235
1194,1708828638.255
1195,1708828638.275
1196,1708828638.295
1197,1708828638.315
1198,1708828638.335
1199,1708828638.355
1200,1708828638.385
1201,1708828638.405
1202,1708828638.425
1203,1708828638.445
1204,1708828638.465
1205,1708828638.485
1206,1708828638.505
1207,1708828638.535
1208,1708828638.555
1209,1708828638.575
1210,1708828638.595
1211,1708828638.615
1212,1708828638.635
1213,1708828638.655
1214,1708828638.675
1215,1708828638.705
1216,1708828638.725
1217,1708828638.745
1218,1708828638.765
1219,1708828638.785
1220,1708828638.805
1221,1708828638.825
1222,1708828638.855
1223,1708828638.875
1224,1708828638.895
1225,1708828638.915
1226,1708828638.935
1227,1708828638.955
1228,1708828638.975
1229,1708828638.995
1230,1708828639.025
1231,1708828639.045
1232,1708828639.065
1233,1708828639.085
1234,1708828639.105
1235,1708828639.125
1236,1708828639.145
1237,1708828639.175
1238,1708828639.195
1239,1708828639.215
1240,1708828639.235
1241,1708828639.255
1242,1708828639.275
1243,1708828639.295
1244,1708828639.315
1245,1708828639.345
1246,1708828639.365
1247,1708828639.385
1248,1708828639.405
1249,1708828639.425
1250,1708828639.445
1251,1708828639.465
1252,1708828639.495
1253,1708828639.515
1254,1708828639.535
1255,1708828639.555
1256,1708828639.575
1257,1708828639.595
1258,1708828639.615
1259,1708828639.635
1260,1708828639.665
1261,1708828639.685
1262,1708828639.705
1263,1708828639.725
1264,1708828639.745
1265,1708828639.765
1266,1708828639.785
1267,1708828639.815
1268,1708828639.835
1269,1708828639.855
1270,1708828639.875
1271,1708828639.895
1272,1708828639.915
1273,1708828639.935
1274,1708828639.955
1275,1708828639.985
1276,1708828640.005
1277,1708828640.025
1278,1708828640.045
1279,1708828640.065
1280,1708828640.085
1281,1708828640.105
1282,1708828640.135
1283,1708828640.155
1284,1708828640.175
1285,1708828640.195
1286,1708828640.215
1287,1708828640.235
1288,1708828640.255
1289,1708828640.275
1290,1708828640.305
1291,1708828640.325
1292,1708828640.345
1293,1708828640.365
1294,1708828640.385
1295,1708828640.405
1296,1708828640.425
1297,1708828640.455
1298,1708828640.475
1299,1708828640.495
1300,1708828640.515
1301,1708828640.535
1302,1708828640.555
1303,1708828640.575
1304,1708828640.595
1305,1708828640.625
1306,1708828640.645
1307,1708828640.665
1308,1708828640.685
1309,1708828640.705
1310,1708828640.725
1311,1708828640.745
1312,1708828640.775
1313,1708828640.795
1314,1708828640.815
1315,1708828640.835
1316,1708828640.855
1317,1708828640.875
1318,1708828640.895
1319,1708828640.915
1320,1708828640.945
1321,1708828640.965
1322,1708828640.985
1323,1708828641.005
1324,1708828641.025
1325,1708828641.045
1326,1708828641.065
1327,1708828641.095
1328,1708828641.115
1329,1708828641.135
1330,1708828641.155
1331,1708828641.175
1332,1708828641.195
1333,1708828641.215
1334,1708828641.235
1335,1708828641.265
1336,1708828641.285
1337,1708828641.305
1338,1708828641.325
1339,1708828641.345
1340,1708828641.365
1341,1708828641.385
1342,1708828641.415
1343,1708828641.435
1344,1708828641.455
1345,1708828641.475
1346,1708828641.495
1347,1708828641.515
1348,1708828641.535
1349,1708828641.555
1350,1708828641.585
1351,1708828641.605
1352,1708828641.625
1353,1708828641.645
1354,1708828641.665
1355,1708828641.685
1356,1708828641.705
1357,1708828641.735
1358,1708828641.755
1359,1708828641.775
1360,1708828641.795
1361,1708828641.815
1362,1708828641.835
1363,1708828641.855
1364,1708828641.875
1365,1708828641.905
1366,1708828641.925
1367,1708828641.945
1368,1708828641.965
1369,1708828641.985
1370,1708828642.005
1371,1708828642.025
1372,1708828642.055
1373,1708828642.075
1374,1708828642.095
1375,1708828642.115
1376,1708828642.135
1377,1708828642.155
1378,1708828642.175
1379,1708828642.195
1380,1708828642.225
1381,1708828642.245
1382,1708828642.265
1383,1708828642.285
1384,1708828642.305
1385,1708828642.325
1386,1708828642.345
1387,1708828642.375
1388,1708828642.395
1389,1708828642.415
1390,1708828642.435
1391,1708828642.455
1392,1708828642.475
1393,1708828642.495
1394,1708828642.515
1395,1708828642.545
1396,1708828642.565
1397,1708828642.585
1398,1708828642.605
1399,1708828642.625
1400,1708828642.645
1401,1708828642.665
1402,1708828642.695
1403,1708828642.715
1404,1708828642.735
1405,1708828642.755
1406,1708828642.775
1407,1708828642.795
1408,1708828642.815
1409,1708828642.835
1410,1708828642.865
1411,1708828642.885
1412,1708828642.905
1413,1708828642.925
1414,1708828642.945
1415,1708828642.965
1416,1708828642.985
1417,1708828643.015
1418,1708828643.035
1419,1708828643.055
1420,1708828643.075
1421,1708828643.095
1422,1708828643.115
1423,1708828643.135
1424,1708828643.155
1425,1708828643.185
1426,1708828643.205
1427,1708828643.225
1428,1708828643.245
1429,1708828643.265
1430,1708828643.285
1431,1708828643.305
1432,1708828643.335
1433,1708828643.355
1434,1708828643.375
1435,1708828643.395
1436,1708828643.415
1437,1708828643.435
1438,1708828643.455
1439,1708828643.475
1440,1708828643.505
1441,1708828643.525
1442,1708828643.545
1443,1708828643.565
1444,1708828643.585
1445,1708828643.605
1446,1708828643.625
1447,1708828643.655
1448,1708828643.675
1449,1708828643.695
1450,1708828643.715
1451,1708828643.735
1452,1708828643.755
1453,1708828643.775
1454,1708828643.795
1455,1708828643.825
1456,1708828643.845
1457,1708828643.865
1458,1708828643.885
1459,1708828643.905
1460,1708828643.925
1461,1708828643.945
1462,1708828643.975
1463,1708828643.995
1464,1708828644.015
1465,1708828644.035
1466,1708828644.055
1467,1708828644.075
1468,1708828644.095
1469,1708828644.115
1470,1708828644.145
1471,1708828644.165
1472,1708828644.185
1473,1708828644.205
1474,1708828644.225
1475,1708828644.245
1476,1708828644.265
1477,1708828644.295
1478,1708828644.315
1479,1708828644.335
1480,1708828644.355
1481,1708828644.375
1482,1708828644.395
1483,1708828644.415
1484,1708828644.435
1485,1708828644.465
1486,1708828644.485
1487,1708828644.505
1488,1708828644.525
1489,1708828644.545
1490,1708828644.565
1491,1708828644.585
1492,1708828644.615
1493,1708828644.635
1494,1708828644.655
1495,1708828644.675
1496,1708828644.695
1497,1708828644.715
1498,1708828644.735
1499,1708828644.755
1500,1708828644.785
1501,1708828644.805
1502,1708828644.825
1503,1708828644.845
1504,1708828644.865
1505,1708828644.885
1506,1708828644.905
1507,1708828644.935
1508,1708828644.955
1509,1708828644.975
1510,1708828644.995
1511,1708828645.015
1512,1708828645.035
1513,1708828645.055
1514,1708828645.075
1515,1708828645.105
1516,1708828645.125
1517,1708828645.145
1518,1708828645.165
1519,1708828645.185
1520,1708828645.205
1521,1708828645.225
1522,1708828645.255
1523,1708828645.275
1524,1708828645.295
1525,1708828645.315
1526,1708828645.335
1527,1708828645.355
1528,1708828645.375
1529,1708828645.395
1530,1708828645.425
1531,1708828645.445
1532,1708828645.465
1533,1708828645.485
1534,1708828645.505
1535,1708828645.525
1536,1708828645.545
1537,1708828645.575
1538,1708828645.595
1539,1708828645.615
1540,1708828645.635
1541,1708828645.655
1542,1708828645.675
1543,1708828645.695
1544,1708828645.715
1545,1708828645.745
1546,1708828645.765
1547,1708828645.785
1548,1708828645.805
1549,1708828645.825
1550,1708828645.845
1551,1708828645.865
1552,1708828645.895
1553,1708828645.915
1554,1708828645.935
1555,1708828645.955
1556,1708828645.975
1557,1708828645.995
1558,1708828646.015
1559,1708828646.035
1560,1708828646.065
1561,1708828646.085
1562,1708828646.105
1563,1708828646.125
1564,1708828646.145
1565,1708828646.165
1566,1708828646.185
1567,1708828646.215
1568,1708828646.235
1569,1708828646.255
1570,1708828646.275
1571,1708828646.295
1572,1708828646.315
1573,1708828646.335
1574,1708828646.355
1575,1708828646.385
1576,1708828646.405
1577,1708828646.425
1578,1708828646.445
1579,1708828646.465
1580,1708828646.485
1581,1708828646.505
1582,1708828646.535
1583,1708828646.555
1584,1708828646.575
1585,1708828646.595
1586,1708828646.615
1587,1708828646.635
1588,1708828646.655
1589,1708828646.675
1590,1708828646.705
1591,1708828646.725
1592,1708828646.745
1593,1708828646.765
1594,1708828646.785
1595,1708828646.805
1596,1708828646.825
1597,1708828646.855
1598,1708828646.875
1599,1708828646.895
1600,1708828646.915
1601,1708828646.935
1602,1708828646.955
1603,1708828646.975
1604,1708828646.995
1605,1708828647.025
1606,1708828647.045
1607,1708828647.065
1608,1708828647.085
1609,1708828647.105
1610,1708828647.125
1611,1708828647.145
1612,1708828647.175
1613,1708828647.195
1614,1708828647.215
1615,1708828647.235
1616,1708828647.255
1617,1708828647.275
1618,1708828647.295
1619,1708828647.315
1620,1708828647.345
1621,1708828647.365
1622,1708828647.385
1623,1708828647.405
1624,1708828647.425
1625,1708828647.445
1626,1708828647.465
1627,1708828647.495
1628,1708828647.515
1629,1708828647.535
1630,1708828647.555
1631,1708828647.575
1632,1708828647.595
1633,1708828647.615
1634,1708828647.635
1635,1708828647.665
1636,1708828647.685
1637,1708828647.705
1638,1708828647.725
1639,1708828647.745
1640,1708828647.765
1641,1708828647.785
1642,1708828647.815
1643,1708828647.835
1644,1708828647.855
1645,1708828647.875
1646,1708828647.895
1647,1708828647.915
1648,1708828647.935
1649,1708828647.955
1650,1708828647.985
1651,1708828648.005
1652,1708828648.025
1653,1708828648.045
1654,1708828648.065
1655,1708828648.085
1656,1708828648.105
1657,1708828648.135
1658,1708828648.155
1659,1708828648.175
1660,1708828648.195
1661,1708828648.215
1662,1708828648.235
1663,1708828648.255
1664,1708828648.275
1665,1708828648.305
1666,1708828648.325
1667,1708828648.345
1668,1708828648.365
1669,1708828648.385
1670,1708828648.405
1671,1708828648.425
1672,1708828648.455
1673,1708828648.475
1674,1708828648.495
1675,1708828648.515
1676,1708828648.535
1677,1708828648.555
1678,1708828648.575
1679,1708828648.595
1680,1708828648.625
1681,1708828648.645
1682,1708828648.665
1683,1708828648.685
1684,1708828648.705
1685,1708828648.725
1686,1708828648.745
1687,1708828648.775
1688,1708828648.795
1689,1708828648.815
1690,1708828648.835
1691,1708828648.855
1692,1708828648.875
1693,1708828648.895
1694,1708828648.915
1695,1708828648.945
1696,1708828648.965
1697,1708828648.985
1698,1708828649.005
1699,1708828649.025
1700,1708828649.045
1701,1708828649.065
1702,1708828649.095
1703,1708828649.115
1704,1708828649.135
1705,1708828649.155
1706,1708828649.175
1707,1708828649.195
1708,1708828649.215
1709,1708828649.235
1710,1708828649.265
1711,1708828649.285
1712,1708828649.305
1713,1708828649.325
1714,1708828649.345
1715,1708828649.365
1716,1708828649.385
1717,1708828649.415
1718,1708828649.435
1719,1708828649.455
1720,1708828649.475
1721,1708828649.495
1722,1708828649.515
1723,1708828649.535
1724,1708828649.555
1725,1708828649.585
1726,1708828649.605
1727,1708828649.625
1728,1708828649.645
1729,1708828649.665
1730,1708828649.685
1731,1708828649.705
1732,1708828649.735
1733,1708828649.755
1734,1708828649.775
1735,1708828649.795
1736,1708828649.815
1737,1708828649.835
1738,1708828649.855
1739,1708828649.875
1740,1708828649.905
1741,1708828649.925
1742,1708828649.945
1743,1708828649.965
1744,1708828649.985
1745,1708828650.005
1746,1708828650.025
1747,1708828650.055
1748,1708828650.075
1749,1708828650.095
1750,1708828650.115
1751,1708828650.135
1752,1708828650.155
1753,1708828650.175
1754,1708828650.195
1755,1708828650.225
1756,1708828650.245
1757,1708828650.265
1758,1708828650.285
1759,1708828650.305
1760,1708828650.325
1761,1708828650.345
1762,1708828650.375
1763,1708828650.395
1764,1708828650.415
1765,1708828650.435
1766,1708828650.455
1767,1708828650.475
1768,1708828650.495
1769,1708828650.515
1770,1708828650.545
1771,1708828650.565
1772,1708828650.585
1773,1708828650.605
1774,1708828650.625
1775,1708828650.645
1776,1708828650.665
1777,1708828650.695
1778,1708828650.715
1779,1708828650.735
1780,1708828650.755
1781,1708828650.775
1782,1708828650.795
1783,1708828650.815
1784,1708828650.835
1785,1708828650.865
1786,1708828650.885
1787,1708828650.905
1788,1708828650.925
1789,1708828650.945
1790,1708828650.965
1791,1708828650.985
1792,1708828651.015
1793,1708828651.035
1794,1708828651.055
1795,1708828651.075
1796,1708828651.095
1797,1708828651.115
1798,1708828651.135
1799,1708828651.155
1800,1708828651.185
1801,1708828651.205
1802,1708828651.225
1803,1708828651.245
1804,1708828651.265
1805,1708828651.285
1806,1708828651.305
1807,1708828651.335
1808,1708828651.355
1809,1708828651.375
1810,1708828651.395
1811,1708828651.415
1812,1708828651.435
1813,1708828651.455
1814,1708828651.475
1815,1708828651.505
1816,1708828651.525
1817,1708828651.545
1818,1708828651.565
1819,1708828651.585
1820,1708828651.605
1821,1708828651.625
1822,1708828651.655
1823,1708828651.675
1824,1708828651.695
1825,1708828651.715
1826,1708828651.735
1827,1708828651.755
1828,1708828651.775
1829,1708828651.795
1830,1708828651.825
1831,1708828651.845
1832,1708828651.865
1833,1708828651.885
1834,1708828651.905
1835,1708828651.925
1836,1708828651.945
1837,1708828651.975
1838,1708828651.995
1839,1708828652.015
1840,1708828652.035
1841,1708828652.055
1842,1708828652.075
1843,1708828652.095
1844,1708828652.115
1845,1708828652.145
1846,1708828652.165
1847,1708828652.185
1848,1708828652.205
1849,1708828652.225
1850,1708828652.245
1851,1708828652.265
1852,1708828652.295
1853,1708828652.315
1854,1708828652.335
1855,1708828652.355
1856,1708828652.375
1857,1708828652.395
1858,1708828652.415
1859,1708828652.435
1860,1708828652.465
1861,1708828652.485
1862,1708828652.505
1863,1708828652.525
1864,1708828652.545
1865,1708828652.565
1866,1708828652.585
1867,1708828652.615
1868,1708828652.635
1869,1708828652.655
1870,1708828652.675
1871,1708828652.695
1872,1708828652.715
1873,1708828652.735
1874,1708828652.755
1875,1708828652.785
1876,1708828652.805
1877,1708828652.825
1878,1708828652.845
1879,1708828652.865
1880,1708828652.885
1881,1708828652.905
1882,1708828652.935
1883,1708828652.955
1884,1708828652.975
1885,1708828652.995
1886,1708828653.015
1887,1708828653.035
1888,1708828653.055
1889,1708828653.075
1890,1708828653.105
1891,1708828653.125
1892,1708828653.145
1893,1708828653.165
1894,1708828653.185
1895,1708828653.205
1896,1708828653.225
1897,1708828653.255
1898,1708828653.275
1899,1708828653.295
1900,1708828653.315
1901,1708828653.335
1902,1708828653.355
1903,1708828653.375
1904,1708828653.395
1905,1708828653.425
1906,1708828653.445
1907,1708828653.465
1908,1708828653.485
1909,1708828653.505
1910,1708828653.525
1911,1708828653.545
1912,1708828653.575
1913,1708828653.595
1914,1708828653.615
1915,1708828653.635
1916,1708828653.655
1917,1708828653.675
1918,1708828653.695
1919,1708828653.715
1920,1708828653.745
1921,1708828653.765
1922,1708828653.785
1923,1708828653.805
1924,1708828653.825
1925,1708828653.845
1926,1708828653.865
1927,1708828653.895
1928,1708828653.915
1929,1708828653.935
1930,1708828653.955
1931,1708828653.975
1932,1708828653.995
1933,1708828654.015
1934,1708828654.035
1935,1708828654.065
1936,1708828654.085
1937,1708828654.105
1938,1708828654.125
1939,1708828654.145
1940,1708828654.165
1941,1708828654.185
1942,1708828654.215
1943,1708828654.235
1944,1708828654.255
1945,1708828654.275
1946,1708828654.295
1947,1708828654.315
1948,1708828654.335
1949,1708828654.355
1950,1708828654.385
1951,1708828654.405
1952,1708828654.425
1953,1708828654.445
1954,1708828654.465
1955,1708828654.485
1956,1708828654.505
1957,1708828654.535
1958,1708828654.555
1959,1708828654.575
1960,1708828654.595
1961,1708828654.615
1962,1708828654.635
1963,1708828654.655
1964,1708828654.675
1965,1708828654.705
1966,1708828654.725
1967,1708828654.745
1968,1708828654.765
1969,1708828654.785
1970,1708828654.805
1971,1708828654.825
1972,1708828654.855
1973,1708828654.875
1974,1708828654.895
1975,1708828654.915
1976,1708828654.935
1977,1708828654.955
1978,1708828654.975
1979,1708828654.995
1980,1708828655.025
1981,1708828655.045
1982,1708828655.065
1983,1708828655.085
1984,1708828655.105
1985,1708828655.125
1986,1708828655.145
1987,1708828655.175
1988,1708828655.195
1989,1708828655.215
1990,1708828655.235
1991,1708828655.255
1992,1708828655.275
1993,1708828655.295
1994,1708828655.315
1995,1708828655.345
1996,1708828655.365
1997,1708828655.385
1998,1708828655.405
1999,1708828655.425
2000,1708828655.445
2001,1708828655.465
2002,1708828655.495
2003,1708828655.515
2004,1708828655.535
2005,1708828655.555
2006,1708828655.575
2007,1708828655.595
2008,1708828655.615
2009,1708828655.635
2010,1708828655.665
2011,1708828655.685
2012,1708828655.705
2013,1708828655.725
2014,1708828655.745
2015,1708828655.765
2016,1708828655.785
2017,1708828655.815
2018,1708828655.835
2019,1708828655.855
2020,1708828655.875
2021,1708828655.895
2022,1708828655.915
2023,1708828655.935
2024,1708828655.955
2025,1708828655.985
2026,1708828656.005
2027,1708828656.025
2028,1708828656.045
2029,1708828656.065
2030,1708828656.085
2031,1708828656.105
2032,1708828656.135
2033,1708828656.155
2034,1708828656.175
2035,1708828656.195
2036,1708828656.215
2037,1708828656.235
2038,1708828656.255
2039,1708828656.275
2040,1708828656.305
2041,1708828656.325
2042,1708828656.345
2043,1708828656.365
2044,1708828656.385
2045,1708828656.405
2046,1708828656.425
2047,1708828656.455
2048,1708828656.475
2049,1708828656.495
2050,1708828656.515
2051,1708828656.535
2052,1708828656.555
2053,1708828656.575
2054,1708828656.595
2055,1708828656.625
2056,1708828656.645
2057,1708828656.665
2058,1708828656.685
2059,1708828656.705
2060,1708828656.725
2061,1708828656.745
2062,1708828656.775
2063,1708828656.795
2064,1708828656.815
2065,1708828656.835
2066,1708828656.855
2067,1708828656.875
2068,1708828656.895
2069,1708828656.915
2070,1708828656.945
2071,1708828656.965
2072,1708828656.985
2073,1708828657.005
2074,1708828657.025
2075,1708828657.045
2076,1708828657.065
2077,1708828657.095
2078,1708828657.115
2079,1708828657.135
2080,1708828657.155
2081,1708828657.175
2082,1708828657.195
2083,1708828657.215
2084,1708828657.235
2085,1708828657.265
2086,1708828657.285
2087,1708828657.305
2088,1708828657.325
2089,1708828657.345
2090,1708828657.365
2091,1708828657.385
2092,1708828657.415
2093,1708828657.435
2094,1708828657.455
2095,1708828657.475
2096,1708828657.495
2097,1708828657.515
2098,1708828657.535
2099,1708828657.555
2100,1708828657.585
2101,1708828657.605
2102,1708828657.625
2103,1708828657.645
2104,1708828657.665
2105,1708828657.685
2106,1708828657.705
2107,1708828657.735
2108,1708828657.755
2109,1708828657.775
2110,1708828657.795
2111,1708828657.815
2112,1708828657.835
2113,1708828657.855
2114,1708828657.875
2115,1708828657.905
2116,1708828657.925
2117,1708828657.945
2118,1708828657.965
2119,1708828657.985
2120,1708828658.005
2121,1708828658.025
2122,1708828658.055
2123,1708828658.075
2124,1708828658.095
2125,1708828658.115
2126,1708828658.135
2127,1708828658.155
2128,1708828658.175
2129,1708828658.195
2130,1708828658.225
2131,1708828658.245
2132,1708828658.265
2133,1708828658.285
2134,1708828658.305
2135,1708828658.325
2136,1708828658.345
2137,1708828658.375
2138,1708828658.395
2139,1708828658.415
2140,1708828658.435
2141,1708828658.455
2142,1708828658.475
2143,1708828658.495
2144,1708828658.515
2145,1708828658.545
2146,1708828658.565
2147,1708828658.585
2148,1708828658.605
2149,1708828658.625
2150,1708828658.645
2151,1708828658.665
2152,1708828658.695
2153,1708828658.715
2154,1708828658.735
2155,1708828658.755
2156,1708828658.775
2157,1708828658.795
2158,1708828658.815
2159,1708828658.835
2160,1708828658.865
2161,1708828658.885
2162,1708828658.905
2163,1708828658.925
2164,1708828658.945
2165,1708828658.965
2166,1708828658.985
2167,1708828659.015
2168,1708828659.035
2169,1708828659.055
2170,1708828659.075
2171,1708828659.095
2172,1708828659.115
2173,1708828659.135
2174,1708828659.155
2175,1708828659.185
2176,1708828659.205
2177,1708828659.225
2178,1708828659.245
2179,1708828659.265
2180,1708828659.285
2181,1708828659.305
2182,1708828659.335
2183,1708828659.355
2184,1708828659.375
2185,1708828659.395
2186,1708828659.415
2187,1708828659.435
2188,1708828659.455
2189,1708828659.475
2190,1708828659.505
2191,1708828659.525
2192,1708828659.545
2193,1708828659.565
2194,1708828659.585
2195,1708828659.605
2196,1708828659.625
2197,1708828659.655
2198,1708828659.675
2199,1708828659.695
2200,1708828659.715
2201,1708828659.735
2202,1708828659.755
2203,1708828659.775
2204,1708828659.795
2205,1708828659.825
2206,1708828659.845
2207,1708828659.865
2208,1708828659.885
2209,1708828659.905
2210,1708828659.925
2211,1708828659.945
2212,1708828659.975
2213,1708828659.995
2214,1708828660.015
2215,1708828660.035
2216,1708828660.055
2217,1708828660.075
2218,1708828660.095
2219,1708828660.115
2220,1708828660.145
2221,1708828660.165
2222,1708828660.185
2223,1708828660.205
2224,1708828660.225
2225,1708828660.245
2226,1708828660.265
2227,1708828660.295
2228,1708828660.315
2229,1708828660.335
2230,1708828660.355
2231,1708828660.375
2232,1708828660.395
2233,1708828660.415
2234,1708828660.435
2235,1708828660.465
2236,1708828660.485
2237,1708828660.505
2238,1708828660.525
2239,1708828660.545
2240,1708828660.565
2241,1708828660.585
2242,1708828660.615
2243,1708828660.635
2244,1708828660.655
2245,1708828660.675
2246,1708828660.695
2247,1708828660.715
2248,1708828660.735
2249,1708828660.755
2250,1708828660.785
2251,1708828660.805
2252,1708828660.825
2253,1708828660.845
2254,1708828660.865
2255,1708828660.885
2256,1708828660.905
2257,1708828660.935
2258,1708828660.955
2259,1708828660.975
2260,1708828660.995
2261,1708828661.015
2262,1708828661.035
2263,1708828661.055
2264,1708828661.075
2265,1708828661.105
2266,1708828661.125
2267,1708828661.145
2268,1708828661.165
2269,1708828661.185
2270,1708828661.205
2271,1708828661.225
2272,1708828661.255
2273,1708828661.275
2274,1708828661.295
2275,1708828661.315
2276,1708828661.335
2277,1708828661.355
2278,1708828661.375
2279,1708828661.395
2280,1708828661.425
2281,1708828661.445
2282,1708828661.465
2283,1708828661.485
2284,1708828661.505
2285,1708828661.525
2286,1708828661.545
2287,1708828661.575
2288,1708828661.595
2289,1708828661.615
2290,1708828661.635
2291,1708828661.655
2292,1708828661.675
2293,1708828661.695
2294,1708828661.715
2295,1708828661.745
2296,1708828661.765
2297,1708828661.785
2298,1708828661.805
2299,1708828661.825
2300,1708828661.845
2301,1708828661.865
2302,1708828661.895
2303,1708828661.915
2304,1708828661.935
2305,1708828661.955
2306,1708828661.975
2307,1708828661.995
2308,1708828662.015
2309,1708828662.035
2310,1708828662.065
2311,1708828662.085
2312,1708828662.105
2313,1708828662.125
2314,1708828662.145
2315,1708828662.165
2316,1708828662.185
2317,1708828662.215
2318,1708828662.235
2319,1708828662.255
2320,1708828662.275
2321,1708828662.295
2322,1708828662.315
2323,1708828662.335
2324,1708828662.355
2325,1708828662.385
2326,1708828662.405
2327,1708828662.425
2328,1708828662.445
2329,1708828662.465
2330,1708828662.485
2331,1708828662.505
2332,1708828662.535
2333,1708828662.555
2334,1708828662.575
2335,1708828662.595
2336,1708828662.615
2337,1708828662.635
2338,1708828662.655
2339,1708828662.675
2340,1708828662.705
2341,1708828662.725
2342,1708828662.745
2343,1708828662.765
2344,1708828662.785
2345,1708828662.805
2346,1708828662.825
2347,1708828662.855
2348,1708828662.875
2349,1708828662.895
2350,1708828662.915
2351,1708828662.935
2352,1708828662.955
2353,1708828662.975
2354,1708828662.995
2355,1708828663.025
2356,1708828663.045
2357,1708828663.065
2358,1708828663.085
2359,1708828663.105
2360,1708828663.125
2361,1708828663.145
2362,1708828663.175
2363,1708828663.195
2364,1708828663.215
2365,1708828663.235
2366,1708828663.255
2367,1708828663.275
2368,1708828663.295
2369,1708828663.315
2370,1708828663.345
2371,1708828663.365
2372,1708828663.385
2373,1708828663.405
2374,1708828663.425
2375,1708828663.445
2376,1708828663.465
2377,1708828663.495
2378,1708828663.515
2379,1708828663.535
2380,1708828663.555
2381,1708828663.575
2382,1708828663.595
2383,1708828663.615
2384,1708828663.635
2385,1708828663.665
2386,1708828663.685
2387,1708828663.705
2388,1708828663.725
2389,1708828663.745
2390,1708828663.765
2391,1708828663.785
2392,1708828663.815
2393,1708828663.835
2394,1708828663.855
2395,1708828663.875
2396,1708828663.895
2397,1708828663.915
2398,1708828663.935
2399,1708828663.955
2400,1708828663.985
2401,1708828664.005
2402,1708828664.025
2403,1708828664.045
2404,1708828664.065
2405,1708828664.085
2406,1708828664.105
2407,1708828664.135
2408,1708828664.155
2409,1708828664.175
2410,1708828664.195
2411,1708828664.215
2412,1708828664.235
2413,1708828664.255
2414,1708828664.275
2415,1708828664.305
2416,1708828664.325
2417,1708828664.345
2418,1708828664.365
2419,1708828664.385
2420,1708828664.405
2421,1708828664.425
2422,1708828664.455
2423,1708828664.475
2424,1708828664.495
2425,1708828664.515
2426,1708828664.535
2427,1708828664.555
2428,1708828664.575
2429,1708828664.595
2430,1708828664.625
2431,1708828664.645
2432,1708828664.665
2433,1708828664.685
2434,1708828664.705
2435,1708828664.725
2436,1708828664.745
2437,1708828664.775
2438,1708828664.795
2439,1708828664.815
2440,1708828664.835
2441,1708828664.855
2442,1708828664.875
2443,1708828664.895
2444,1708828664.915
2445,1708828664.945
2446,1708828664.965
2447,1708828664.985
2448,1708828665.005
2449,1708828665.025
2450,1708828665.045
2451,1708828665.065
2452,1708828665.095
2453,1708828665.115
2454,1708828665.135
2455,1708828665.155
2456,1708828665.175
2457,1708828665.195
2458,1708828665.215
2459,1708828665.235
2460,1708828665.265
2461,1708828665.285
2462,1708828665.305
2463,1708828665.325
2464,1708828665.345
2465,1708828665.365
2466,1708828665.385
2467,1708828665.415
2468,1708828665.435
2469,1708828665.455
2470,1708828665.475
2471,1708828665.495
2472,1708828665.515
2473,1708828665.535
2474,1708828665.555
2475,1708828665.585
2476,1708828665.605
2477,1708828665.625
2478,1708828665.645
2479,1708828665.665
2480,1708828665.685
2481,1708828665.705
2482,1708828665.735
2483,1708828665.755
2484,1708828665.775
2485,1708828665.795
2486,1708828665.815
2487,1708828665.835
2488,1708828665.855
2489,1708828665.875
2490,1708828665.905
2491,1708828665.925
2492,1708828665.945
2493,1708828665.965
2494,1708828665.985
2495,1708828666.005
2496,1708828666.025
2497,1708828666.055
2498,1708828666.075
2499,1708828666.095
2500,1708828666.115
2501,1708828666.135
2502,1708828666.155
2503,1708828666.175
2504,1708828666.195
2505,1708828666.225
2506,1708828666.245
2507,1708828666.265
2508,1708828666.285
2509,1708828666.305
2510,1708828666.325
2511,1708828666.345
2512,1708828666.375
2513,1708828666.395
2514,1708828666.415
2515,1708828666.435
2516,1708828666.455
2517,1708828666.475
2518,1708828666.495
2519,1708828666.515
2520,1708828666.545
2521,1708828666.565
2522,1708828666.585
2523,1708828666.605
2524,1708828666.625
2525,1708828666.645
2526,1708828666.665
2527,1708828666.695
2528,1708828666.715
2529,1708828666.735
2530,1708828666.755
2531,1708828666.775
2532,1708828666.795
2533,1708828666.815
2534,1708828666.835
2535,1708828666.865
2536,1708828666.885
2537,1708828666.905
2538,1708828666.925
2539,1708828666.945
2540,1708828666.965
2541,1708828666.985
2542,1708828667.015
2543,1708828667.035
2544,1708828667.055
2545,1708828667.075
2546,1708828667.095
2547,1708828667.115
2548,1708828667.135
2549,1708828667.155
2550,1708828667.185
2551,1708828667.205
2552,1708828667.225
2553,1708828667.245
2554,1708828667.265
2555,1708828667.285
2556,1708828667.305
2557,1708828667.335
2558,1708828667.355
2559,1708828667.375
2560,1708828667.395
2561,1708828667.415
2562,1708828667.435
2563,1708828667.455
2564,1708828667.475
2565,1708828667.505
2566,1708828667.525
2567,1708828667.545
2568,1708828667.565
2569,1708828667.585
2570,1708828667.605
2571,1708828667.625
2572,1708828667.655
2573,1708828667.675
2574,1708828667.695
2575,1708828667.715
2576,1708828667.735
2577,1708828667.755
2578,1708828667.775
2579,1708828667.795
2580,1708828667.825
2581,1708828667.845
2582,1708828667.865
2583,1708828667.885
2584,1708828667.905
2585,1708828667.925
2586,1708828667.945
2587,1708828667.975
2588,1708828667.995
2589,1708828668.015
2590,1708828668.035
2591,1708828668.055
2592,1708828668.075
2593,1708828668.095
2594,1708828668.115
2595,1708828668.145
2596,1708828668.165
2597,1708828668.185
2598,1708828668.205
2599,1708828668.225
2600,1708828668.245
2601,1708828668.265
2602,1708828668.295
2603,1708828668.315
2604,1708828668.335
2605,1708828668.355
2606,1708828668.375
2607,1708828668.395
2608,1708828668.415
2609,1708828668.435
2610,1708828668.465
2611,1708828668.485
2612,1708828668.505
2613,1708828668.525
2614,1708828668.545
2615,1708828668.565
2616,1708828668.585
2617,1708828668.615
2618,1708828668.635
2619,1708828668.655
2620,1708828668.675
2621,1708828668.695
2622,1708828668.715
2623,1708828668.735
2624,1708828668.755
2625,1708828668.785
2626,1708828668.805
2627,1708828668.825
2628,1708828668.845
2629,1708828668.865
2630,1708828668.885
2631,1708828668.905
2632,1708828668.935
2633,1708828668.955
2634,1708828668.975
2635,1708828668.995
2636,1708828669.015
2637,1708828669.035
2638,1708828669.055
2639,1708828669.075
2640,1708828669.105
2641,1708828669.125
2642,1708828669.145
2643,1708828669.165
2644,1708828669.185
2645,1708828669.205
2646,1708828669.225
2647,1708828669.255
2648,1708828669.275
2649,1708828669.295
2650,1708828669.315
2651,1708828669.335
2652,1708828669.355
2653,1708828669.375
2654,1708828669.395
2655,1708828669.425
2656,1708828669.445
2657,1708828669.465
2658,1708828669.485
2659,1708828669.505
2660,1708828669.525
2661,1708828669.545
2662,1708828669.575
2663,1708828669.595
2664,1708828669.615
2665,1708828669.635
2666,1708828669.655
2667,1708828669.675
2668,1708828669.695
2669,1708828669.715
2670,1708828669.745
2671,1708828669.765
2672,1708828669.785
2673,1708828669.805
2674,1708828669.825
2675,1708828669.845
2676,1708828669.865
2677,1708828669.895
2678,1708828669.915
2679,1708828669.935
2680,1708828669.955
2681,1708828669.975
2682,1708828669.995
2683,1708828670.015
2684,1708828670.035
2685,1708828670.065
2686,1708828670.085
2687,1708828670.105
2688,1708828670.125
2689,1708828670.145
2690,1708828670.165
2691,1708828670.185
2692,1708828670.215
2693,1708828670.235
2694,1708828670.255
2695,1708828670.275
2696,1708828670.295
2697,1708828670.315
2698,1708828670.335
2699,1708828670.355
2700,1708828670.385
2701,1708828670.405
2702,1708828670.425
2703,1708828670.445
2704,1708828670.465
2705,1708828670.485
2706,1708828670.505
2707,1708828670.535
2708,1708828670.555
2709,1708828670.575
2710,1708828670.595
2711,1708828670.615
2712,1708828670.635
2713,1708828670.655
2714,1708828670.675
2715,1708828670.705
2716,1708828670.725
2717,1708828670.745
2718,1708828670.765
2719,1708828670.785
2720,1708828670.805
2721,1708828670.825
2722,1708828670.855
2723,1708828670.875
2724,1708828670.895
2725,1708828670.915
2726,1708828670.935
2727,1708828670.955
2728,1708828670.975
2729,1708828670.995
2730,1708828671.025
2731,1708828671.045
2732,1708828671.065
2733,1708828671.085
2734,1708828671.105
2735,1708828671.125
2736,1708828671.145
2737,1708828671.175
2738,1708828671.195
2739,1708828671.215
2740,1708828671.235
2741,1708828671.255
2742,1708828671.275
2743,1708828671.295
2744,1708828671.315
2745,1708828671.345
2746,1708828671.365
2747,1708828671.385
2748,1708828671.405
2749,1708828671.425
2750,1708828671.445
2751,1708828671.465
2752,1708828671.495
2753,1708828671.515
2754,1708828671.535
2755,1708828671.555
2756,1708828671.575
2757,1708828671.595
2758,1708828671.615
2759,1708828671.635
2760,1708828671.665
2761,1708828671.685
2762,1708828671.705
2763,1708828671.725
2764,1708828671.745
2765,1708828671.765
2766,1708828671.785
2767,1708828671.815
2768,1708828671.835
2769,1708828671.855
2770,1708828671.875
2771,1708828671.895
2772,1708828671.915
2773,1708828671.935
2774,1708828671.955
2775,1708828671.985
2776,1708828672.005
2777,1708828672.025
2778,1708828672.045
2779,1708828672.065
2780,1708828672.085
2781,1708828672.105
2782,1708828672.135
2783,1708828672.155
2784,1708828672.175
2785,1708828672.195
2786,1708828672.215
2787,1708828672.235
2788,1708828672.255
2789,1708828672.275
2790,1708828672.305
2791,1708828672.325
2792,1708828672.345
2793,1708828672.365
2794,1708828672.385
2795,1708828672.405
2796,1708828672.425
2797,1708828672.455
2798,1708828672.475
2799,1708828672.495
2800,1708828672.515
2801,1708828672.535
2802,1708828672.555
2803,1708828672.575
2804,1708828672.595
2805,1708828672.625
2806,1708828672.645
2807,1708828672.665
2808,1708828672.685
2809,1708828672.705
2810,1708828672.725
2811,1708828672.745
2812,1708828672.775
2813,1708828672.795
2814,1708828672.815
2815,1708828672.835
2816,1708828672.855
2817,1708828672.875
2818,1708828672.895
2819,1708828672.915
2820,1708828672.945
2821,1708828672.965
2822,1708828672.985
2823,1708828673.005
2824,1708828673.025
2825,1708828673.045
2826,1708828673.065
2827,1708828673.095
2828,1708828673.115
2829,1708828673.135
2830,1708828673.155
2831,1708828673.175
2832,1708828673.195
2833,1708828673.215
2834,1708828673.235
2835,1708828673.265
2836,1708828673.285
2837,1708828673.305
2838,1708828673.325
2839,1708828673.345
2840,1708828673.365
2841,1708828673.385
2842,1708828673.415
2843,1708828673.435
2844,1708828673.455
2845,1708828673.475
2846,1708828673.495
2847,1708828673.515
2848,1708828673.535
2849,1708828673.555
2850,1708828673.585
2851,1708828673.605
2852,1708828673.625
2853,1708828673.645
2854,1708828673.665
2855,1708828673.685
2856,1708828673.705
2857,1708828673.735
2858,1708828673.755
2859,1708828673.775
2860,1708828673.795
2861,1708828673.815
2862,1708828673.835
2863,1708828673.855
2864,1708828673.875
2865,1708828673.905
2866,1708828673.925
2867,1708828673.945
2868,1708828673.965
2869,1708828673.985
2870,1708828674.005
2871,1708828674.025
2872,1708828674.055
2873,1708828674.075
2874,1708828674.095
2875,1708828674.115
2876,1708828674.135
2877,1708828674.155
2878,1708828674.175
2879,1708828674.195
2880,1708828674.225
2881,1708828674.245
2882,1708828674.265
2883,1708828674.285
2884,1708828674.305
2885,1708828674.325
2886,1708828674.345
2887,1708828674.375
2888,1708828674.395
2889,1708828674.415
2890,1708828674.435
2891,1708828674.455
2892,1708828674.475
2893,1708828674.495
2894,1708828674.515
2895,1708828674.545
2896,1708828674.565
2897,1708828674.585
2898,1708828674.605
2899,1708828674.625
2900,1708828674.645
2901,1708828674.665
2902,1708828674.695
2903,1708828674.715
2904,1708828674.735
2905,1708828674.755
2906,1708828674.775
2907,1708828674.795
2908,1708828674.815
2909,1708828674.835
2910,1708828674.865
2911,1708828674.885
2912,1708828674.905
2913,1708828674.925
2914,1708828674.945
2915,1708828674.965
2916,1708828674.985
2917,1708828675.015
2918,1708828675.035
2919,1708828675.055
2920,1708828675.075
2921,1708828675.095
2922,1708828675.115
2923,1708828675.135
2924,1708828675.155
2925,1708828675.185
2926,1708828675.205
2927,1708828675.225
2928,1708828675.245
2929,1708828675.265
2930,1708828675.285
2931,1708828675.305
2932,1708828675.335
2933,1708828675.355
2934,1708828675.375
2935,1708828675.395
2936,1708828675.415
2937,1708828675.435
2938,1708828675.455
2939,1708828675.475
2940,1708828675.505
2941,1708828675.525
2942,1708828675.545
2943,1708828675.565
2944,1708828675.585
2945,1708828675.605
2946,1708828675.625
2947,1708828675.655
2948,1708828675.675
2949,1708828675.695
2950,1708828675.715
2951,1708828675.735
2952,1708828675.755
2953,1708828675.775
2954,1708828675.795
2955,1708828675.825
2956,1708828675.845
2957,1708828675.865
2958,1708828675.885
2959,1708828675.905
2960,1708828675.925
2961,1708828675.945
2962,1708828675.975
2963,1708828675.995
2964,1708828676.015
2965,1708828676.035
2966,1708828676.055
2967,1708828676.075
2968,1708828676.095
2969,1708828676.115
2970,1708828676.145
2971,1708828676.165
2972,1708828676.185
2973,1708828676.205
2974,1708828676.225
2975,1708828676.245
2976,1708828676.265
2977,1708828676.295
2978,1708828676.315
2979,1708828676.335
2980,1708828676.355
2981,1708828676.375
2982,1708828676.395
2983,1708828676.415
2984,1708828676.435
2985,1708828676.465
2986,1708828676.485
2987,1708828676.505
2988,1708828676.525
2989,1708828676.545
2990,1708828676.565
2991,1708828676.585
2992,1708828676.615
2993,1708828676.635
2994,1708828676.655
2995,1708828676.675
2996,1708828676.695
2997,1708828676.715
2998,1708828676.735
2999,1708828676.755
3000,1708828676.785
3001,1708828676.805
3002,1708828676.825
3003,1708828676.845
3004,1708828676.865
3005,1708828676.885
3006,1708828676.905
3007,1708828676.935
3008,1708828676.955
3009,1708828676.975
3010,1708828676.995
3011,1708828677.015
3012,1708828677.035
3013,1708828677.055
3014,1708828677.075
3015,1708828677.105
3016,1708828677.125
3017,1708828677.145
3018,1708828677.165
3019,1708828677.185
3020,1708828677.205
3021,1708828677.225
3022,1708828677.255
3023,1708828677.275
3024,1708828677.295
3025,1708828677.315
3026,1708828677.335
3027,1708828677.355
3028,1708828677.375
3029,1708828677.395
3030,1708828677.425
3031,1708828677.445
3032,1708828677.465
3033,1708828677.485
3034,1708828677.505
3035,1708828677.525
3036,1708828677.545
3037,1708828677.575
3038,1708828677.595
3039,1708828677.615
3040,1708828677.635
3041,1708828677.655
3042,1708828677.675
3043,1708828677.695
3044,1708828677.715
3045,1708828677.745
3046,1708828677.765
3047,1708828677.785
3048,1708828677.805
3049,1708828677.825
3050,1708828677.845
3051,1708828677.865
3052,1708828677.895
3053,1708828677.915
3054,1708828677.935
3055,1708828677.955
3056,1708828677.975
3057,1708828677.995
3058,1708828678.015
3059,1708828678.035
3060,1708828678.065
3061,1708828678.085
3062,1708828678.105
3063,1708828678.125
3064,1708828678.145
3065,1708828678.165
3066,1708828678.185
3067,1708828678.215
3068,1708828678.235
3069,1708828678.255
3070,1708828678.275
3071,1708828678.295
3072,1708828678.315
3073,1708828678.335
3074,1708828678.355
3075,1708828678.385
3076,1708828678.405
3077,1708828678.425
3078,1708828678.445
3079,1708828678.465
3080,1708828678.485
3081,1708828678.505
3082,1708828678.535
3083,1708828678.555
3084,1708828678.575
3085,1708828678.595
3086,1708828678.615
3087,1708828678.635
3088,1708828678.655
3089,1708828678.675
3090,1708828678.705
3091,1708828678.725
3092,1708828678.745
3093,1708828678.765
3094,1708828678.785
3095,1708828678.805
3096,1708828678.825
3097,1708828678.855
3098,1708828678.875
3099,1708828678.895
3100,1708828678.915
3101,1708828678.935
3102,1708828678.955
3103,1708828678.975
3104,1708828678.995
3105,1708828679.025
3106,1708828679.045
3107,1708828679.065
3108,1708828679.085
3109,1708828679.105
3110,1708828679.125
3111,1708828679.145
3112,1708828679.175
3113,1708828679.195
3114,1708828679.215
3115,1708828679.235
3116,1708828679.255
3117,1708828679.275
3118,1708828679.295
3119,1708828679.315
3120,1708828679.345
3121,1708828679.365
3122,1708828679.385
3123,1708828679.405
3124,1708828679.425
3125,1708828679.445
3126,1708828679.465
3127,1708828679.495
3128,1708828679.515
3129,1708828679.535
3130,1708828679.555
3131,1708828679.575
3132,1708828679.595
3133,1708828679.615
3134,1708828679.635
3135,1708828679.665
3136,1708828679.685
3137,1708828679.705
3138,1708828679.725
3139,1708828679.745
3140,1708828679.765
3141,1708828679.785
3142,1708828679.815
3143,1708828679.835
3144,1708828679.855
3145,1708828679.875
3146,1708828679.895
3147,1708828679.915
3148,1708828679.935
3149,1708828679.955
3150,1708828679.985
3151,1708828680.005
3152,1708828680.025
3153,1708828680.045
3154,1708828680.065
3155,1708828680.085
3156,1708828680.105
3157,1708828680.135
3158,1708828680.155
3159,1708828680.175
3160,1708828680.195
3161,1708828680.215
3162,1708828680.235
3163,1708828680.255
3164,1708828680.275
3165,1708828680.305
3166,1708828680.325
3167,1708828680.345
3168,1708828680.365
3169,1708828680.385
3170,1708828680.405
3171,1708828680.425
3172,1708828680.455
3173,1708828680.475
3174,1708828680.495
3175,1708828680.515
3176,1708828680.535
3177,1708828680.555
3178,1708828680.575
3179,1708828680.595
3180,1708828680.625
3181,1708828680.645
3182,1708828680.665
3183,1708828680.685
3184,1708828680.705
3185,1708828680.725
3186,1708828680.745
3187,1708828680.775
3188,1708828680.795
3189,1708828680.815
3190,1708828680.835
3191,1708828680.855
3192,1708828680.875
3193,1708828680.895
3194,1708828680.915
3195,1708828680.945
3196,1708828680.965
3197,1708828680.985
3198,1708828681.005
3199,1708828681.025
3200,1708828681.045
3201,1708828681.065
3202,1708828681.095
3203,1708828681.115
3204,1708828681.135
3205,1708828681.155
3206,1708828681.175
3207,1708828681.195
3208,1708828681.215
3209,1708828681.235
3210,1708828681.265
3211,1708828681.285
3212,1708828681.305
3213,1708828681.325
3214,1708828681.345
3215,1708828681.365
3216,1708828681.385
3217,1708828681.415
3218,1708828681.435
3219,1708828681.455
3220,1708828681.475
3221,1708828681.495
3222,1708828681.515
3223,1708828681.535
3224,1708828681.555
3225,1708828681.585
3226,1708828681.605
3227,1708828681.625
3228,1708828681.645
3229,1708828681.665
3230,1708828681.685
3231,1708828681.705
3232,1708828681.735
3233,1708828681.755
3234,1708828681.775
3235,1708828681.795
3236,1708828681.815
3237,1708828681.835
3238,1708828681.855
3239,1708828681.875
3240,1708828681.905
3241,1708828681.925
3242,1708828681.945
3243,1708828681.965
3244,1708828681.985
3245,1708828682.005
3246,1708828682.025
3247,1708828682.055
3248,1708828682.075
3249,1708828682.095
3250,1708828682.115
3251,1708828682.135
3252,1708828682.155
3253,1708828682.175
3254,1708828682.195
3255,1708828682.225
3256,1708828682.245
3257,1708828682.265
3258,1708828682.285
3259,1708828682.305
3260,1708828682.325
3261,1708828682.345
3262,1708828682.375
3263,1708828682.395
3264,1708828682.415
3265,1708828682.435
3266,1708828682.455
3267,1708828682.475
3268,1708828682.495
3269,1708828682.515
3270,1708828682.545
3271,1708828682.565
3272,1708828682.585
3273,1708828682.605
3274,1708828682.625
3275,1708828682.645
3276,1708828682.665
3277,1708828682.695
3278,1708828682.715
3279,1708828682.735
3280,1708828682.755
3281,1708828682.775
3282,1708828682.795
3283,1708828682.815
3284,1708828682.835
3285,1708828682.865
3286,1708828682.885
3287,1708828682.905
3288,1708828682.925
3289,1708828682.945
3290,1708828682.965
3291,1708828682.985
3292,1708828683.015
3293,1708828683.035
3294,1708828683.055
3295,1708828683.075
3296,1708828683.095
3297,1708828683.115
3298,1708828683.135
3299,1708828683.155
3300,1708828683.185
3301,1708828683.205
3302,1708828683.225
3303,1708828683.245
3304,1708828683.265
3305,1708828683.285
3306,1708828683.305
3307,1708828683.335
3308,1708828683.355
3309,1708828683.375
3310,1708828683.395
3311,1708828683.415
3312,1708828683.435
3313,1708828683.455
3314,1708828683.475
3315,1708828683.505
3316,1708828683.525
3317,1708828683.545
3318,1708828683.565
3319,1708828683.585
3320,1708828683.605
3321,1708828683.625
3322,1708828683.655
3323,1708828683.675
3324,1708828683.695
3325,1708828683.715
3326,1708828683.735
3327,1708828683.755
3328,1708828683.775
3329,1708828683.795
3330,1708828683.825
3331,1708828683.845
3332,1708828683.865
3333,1708828683.885
3334,1708828683.905
3335,1708828683.925
3336,1708828683.945
3337,1708828683.975
3338,1708828683.995
3339,1708828684.015
3340,1708828684.035
3341,1708828684.055
3342,1708828684.075
3343,1708828684.095
3344,1708828684.115
3345,1708828684.145
3346,1708828684.165
3347,1708828684.185
3348,1708828684.205
3349,1708828684.225
3350,1708828684.245
3351,1708828684.265
3352,1708828684.295
3353,1708828684.315
3354,1708828684.335
3355,1708828684.355
3356,1708828684.375
3357,1708828684.395
3358,1708828684.415
3359,1708828684.435
3360,1708828684.465
3361,1708828684.485
3362,1708828684.505
3363,1708828684.525
3364,1708828684.545
3365,1708828684.565
3366,1708828684.585
3367,1708828684.615
3368,1708828684.635
3369,1708828684.655
3370,1708828684.675
3371,1708828684.695
3372,1708828684.715
3373,1708828684.735
3374,1708828684.755
3375,1708828684.785
3376,1708828684.805
3377,1708828684.825
3378,1708828684.845
3379,1708828684.865
3380,1708828684.885
3381,1708828684.905
3382,1708828684.935
3383,1708828684.955
3384,1708828684.975
3385,1708828684.995
3386,1708828685.015
3387,1708828685.035
3388,1708828685.055
3389,1708828685.075
3390,1708828685.105
3391,1708828685.125
3392,1708828685.145
3393,1708828685.165
3394,1708828685.185
3395,1708828685.205
3396,1708828685.225
3397,1708828685.255
3398,1708828685.275
3399,1708828685.295
3400,1708828685.315
3401,1708828685.335
3402,1708828685.355
3403,1708828685.375
3404,1708828685.395
3405,1708828685.425
3406,1708828685.445
3407,1708828685.465
3408,1708828685.485
3409,1708828685.505
3410,1708828685.525
3411,1708828685.545
3412,1708828685.575
3413,1708828685.595
3414,1708828685.615
3415,1708828685.635
3416,1708828685.655
3417,1708828685.675
3418,1708828685.695
3419,1708828685.715
3420,1708828685.745
3421,1708828685.765
3422,1708828685.785
3423,1708828685.805
3424,1708828685.825
3425,1708828685.845
3426,1708828685.865
3427,1708828685.895
3428,1708828685.915
3429,1708828685.935
3430,1708828685.955
3431,1708828685.975
3432,1708828685.995
3433,1708828686.015
3434,1708828686.035
3435,1708828686.065
3436,1708828686.085
3437,1708828686.105
3438,1708828686.125
3439,1708828686.145
3440,1708828686.165
3441,1708828686.185
3442,1708828686.215
3443,1708828686.235
3444,1708828686.255
3445,1708828686.275
3446,1708828686.295
3447,1708828686.315
3448,1708828686.335
3449,1708828686.355
3450,1708828686.385
3451,1708828686.405
3452,1708828686.425
3453,1708828686.445
3454,1708828686.465
3455,1708828686.485
3456,1708828686.505
3457,1708828686.535
3458,1708828686.555
3459,1708828686.575
3460,1708828686.595
3461,1708828686.615
3462,1708828686.635
3463,1708828686.655
3464,1708828686.675
3465,1708828686.705
3466,1708828686.725
3467,1708828686.745
3468,1708828686.765
3469,1708828686.785
3470,1708828686.805
3471,1708828686.825
3472,1708828686.855
3473,1708828686.875
3474,1708828686.895
3475,1708828686.915
3476,1708828686.935
3477,1708828686.955
3478,1708828686.975
3479,1708828686.995
3480,1708828687.025
3481,1708828687.045
3482,1708828687.065
3483,1708828687.085
3484,1708828687.105
3485,1708828687.125
3486,1708828687.145
3487,1708828687.175
3488,1708828687.195
3489,1708828687.215
3490,1708828687.235
3491,1708828687.255
3492,1708828687.275
3493,1708828687.295
3494,1708828687.315
3495,1708828687.345
3496,1708828687.365
3497,1708828687.385
3498,1708828687.405
3499,1708828687.425
3500,1708828687.445
3501,1708828687.465
3502,1708828687.495
3503,1708828687.515
3504,1708828687.535
3505,1708828687.555
3506,1708828687.575
3507,1708828687.595
3508,1708828687.615
3509,1708828687.635
3510,1708828687.665
3511,1708828687.685
3512,1708828687.705
3513,1708828687.725
3514,1708828687.745
3515,1708828687.765
3516,1708828687.785
3517,1708828687.815
3518,1708828687.835
3519,1708828687.855
3520,1708828687.875
3521,1708828687.895
3522,1708828687.915
3523,1708828687.935
3524,1708828687.955
3525,1708828687.985
3526,1708828688.005
3527,1708828688.025
3528,1708828688.045
3529,1708828688.065
3530,1708828688.085
3531,1708828688.105
3532,1708828688.135
3533,1708828688.155
3534,1708828688.175
3535,1708828688.195
3536,1708828688.215
3537,1708828688.235
3538,1708828688.255
3539,1708828688.275
3540,1708828688.305
3541,1708828688.325
3542,1708828688.345
3543,1708828688.365
3544,1708828688.385
3545,1708828688.405
3546,1708828688.425
3547,1708828688.455
3548,1708828688.475
3549,1708828688.495
3550,1708828688.515
3551,1708828688.535
3552,1708828688.555
3553,1708828688.575
3554,1708828688.595
3555,1708828688.625
3556,1708828688.645
3557,1708828688.665
3558,1708828688.685
3559,1708828688.705
3560,1708828688.725
3561,1708828688.745
3562,1708828688.775
3563,1708828688.795
3564,1708828688.815
3565,1708828688.835
3566,1708828688.855
3567,1708828688.875
3568,1708828688.895
3569,1708828688.915
3570,1708828688.945
3571,1708828688.965
3572,1708828688.985
3573,1708828689.005
3574,1708828689.025
3575,1708828689.045
3576,1708828689.065
3577,1708828689.095
3578,1708828689.115
3579,1708828689.135
3580,1708828689.155
3581,1708828689.175
3582,1708828689.195
3583,1708828689.215
3584,1708828689.235
3585,1708828689.265
3586,1708828689.285
3587,1708828689.305
3588,1708828689.325
3589,1708828689.345
3590,1708828689.365
3591,1708828689.385
3592,1708828689.415
3593,1708828689.435
3594,1708828689.455
3595,1708828689.475
3596,1708828689.495
3597,1708828689.515
3598,1708828689.535
3599,1708828689.555
3600,1708828689.585
